"Name","SI","Handles","VM","WS","PM","NPM","Path","Company","CPU","FileVersion","ProductVersion","Description","Product","__NounName","BasePriority","ExitCode","HasExited","ExitTime","Handle","SafeHandle","HandleCount","Id","MachineName","MainWindowHandle","MainWindowTitle","MainModule","MaxWorkingSet","MinWorkingSet","Modules","NonpagedSystemMemorySize","NonpagedSystemMemorySize64","PagedMemorySize","PagedMemorySize64","PagedSystemMemorySize","PagedSystemMemorySize64","PeakPagedMemorySize","PeakPagedMemorySize64","PeakWorkingSet","PeakWorkingSet64","PeakVirtualMemorySize","PeakVirtualMemorySize64","PriorityBoostEnabled","PriorityClass","PrivateMemorySize","PrivateMemorySize64","PrivilegedProcessorTime","ProcessName","ProcessorAffinity","Responding","SessionId","StartInfo","StartTime","SynchronizingObject","Threads","TotalProcessorTime","UserProcessorTime","VirtualMemorySize","VirtualMemorySize64","EnableRaisingEvents","StandardInput","StandardOutput","StandardError","WorkingSet","WorkingSet64","Site","Container"
"csrss","0","409","2203408924672","696320","1699840","14064",,,,,,,,"Process","13",,,,,,"409","380",".","0","",,,,,"14064","14064","1699840","1699840","165216","165216","1998848","1998848","5197824","5197824","92864512","2203411087360",,,"1699840","1699840",,"csrss",,"True","0","System.Diagnostics.ProcessStartInfo",,,"System.Diagnostics.ProcessThreadCollection",,,"90701824","2203408924672","False",,,,"696320","696320",,
"csrss","1","312","2203413491712","851968","1691648","13896",,,,,,,,"Process","13",,,,,,"312","492",".","0","",,,,,"13896","13896","1691648","1691648","163136","163136","1880064","1880064","5271552","5271552","95334400","2203413557248",,,"1691648","1691648",,"csrss",,"True","1","System.Diagnostics.ProcessStartInfo",,,"System.Diagnostics.ProcessThreadCollection",,,"95268864","2203413491712","False",,,,"851968","851968",,
"ctfmon","1","414","2203458080768","5050368","4493312","16224",,,"1.171875",,,,,"Process","13",,,,,,"414","4284",".","0","",,,,,"16224","16224","4493312","4493312","196744","196744","4493312","4493312","15462400","15462400","141873152","2203460096000",,,"4493312","4493312","00:00:00.8281250","ctfmon",,"True","1","System.Diagnostics.ProcessStartInfo","10/23/2019 2:27:24 PM",,"System.Diagnostics.ProcessThreadCollection","00:00:01.1718750","00:00:00.3437500","139857920","2203458080768","False",,,,"5050368","5050368",,
"dasHost","0","350","2203399630848","0","3350528","17224",,,,,,,,"Process","8",,,,,,"350","2200",".","0","",,,,,"17224","17224","3350528","3350528","102744","102744","4259840","4259840","12763136","12763136","92942336","2203411165184",,,"3350528","3350528",,"dasHost",,"True","0","System.Diagnostics.ProcessStartInfo",,,"System.Diagnostics.ProcessThreadCollection",,,"81408000","2203399630848","False",,,,"0","0",,
"dllhost","0","269","2203417415680","2342912","4153344","14360",,,,,,,,"Process","8",,,,,,"269","2908",".","0","",,,,,"14360","14360","4153344","4153344","107344","107344","4382720","4382720","13815808","13815808","104435712","2203422658560",,,"4153344","4153344",,"dllhost",,"True","0","System.Diagnostics.ProcessStartInfo",,,"System.Diagnostics.ProcessThreadCollection",,,"99192832","2203417415680","False",,,,"2342912","2342912",,
"dwm","1","759","2203614908416","24764416","42573824","50224",,,,,,,,"Process","13",,,,,,"759","952",".","0","",,,,,"50224","50224","42573824","42573824","550016","550016","45338624","45338624","65486848","65486848","297222144","2203615444992",,,"42573824","42573824",,"dwm",,"True","1","System.Diagnostics.ProcessStartInfo",,,"System.Diagnostics.ProcessThreadCollection",,,"296685568","2203614908416","False",,,,"24764416","24764416",,
"explorer","1","2777","2203922321408","48201728","58044416","105144","C:\Windows\Explorer.EXE","Microsoft Corporation","16.90625","10.0.17763.1 (WinBuild.160101.0800)","10.0.17763.1","Windows Explorer","Microsoft? Windows? Operating System","Process","8",,"False",,"1688","Microsoft.Win32.SafeHandles.SafeProcessHandle","2777","4436",".","65694","","System.Diagnostics.ProcessModule (Explorer.EXE)","1413120","204800","System.Diagnostics.ProcessModuleCollection","105144","105144","58044416","58044416","1133456","1133456","58224640","58224640","104505344","104505344","608862208","2203927085056","True","Normal","58044416","58044416","00:00:10.3125000","explorer","3","True","1","System.Diagnostics.ProcessStartInfo","10/23/2019 2:27:25 PM",,"System.Diagnostics.ProcessThreadCollection","00:00:16.9062500","00:00:06.5937500","604098560","2203922321408","False",,,,"48201728","48201728",,
"fontdrvhost","0","48","2203414364160","0","1458176","6112",,,,,,,,"Process","8",,,,,,"48","768",".","0","",,,,,"6112","6112","1458176","1458176","91360","91360","1544192","1544192","3780608","3780608","97714176","2203415937024",,,"1458176","1458176",,"fontdrvhost",,"True","0","System.Diagnostics.ProcessStartInfo",,,"System.Diagnostics.ProcessThreadCollection",,,"96141312","2203414364160","False",,,,"0","0",,
"fontdrvhost","1","48","2203417276416","77824","1843200","6656",,,,,,,,"Process","8",,,,,,"48","772",".","0","",,,,,"6656","6656","1843200","1843200","97048","97048","1974272","1974272","4571136","4571136","99577856","2203417800704",,,"1843200","1843200",,"fontdrvhost",,"True","1","System.Diagnostics.ProcessStartInfo",,,"System.Diagnostics.ProcessThreadCollection",,,"99053568","2203417276416","False",,,,"77824","77824",,
"GoogleUpdate","0","223","67866624","0","2252800","14176",,,,,,,,"Process","4",,,,,,"223","4140",".","0","",,,,,"14176","14176","2252800","2252800","134096","134096","2621440","2621440","10604544","10604544","74465280","74465280",,,"2252800","2252800",,"GoogleUpdate",,"True","0","System.Diagnostics.ProcessStartInfo",,,"System.Diagnostics.ProcessThreadCollection",,,"67866624","67866624","False",,,,"0","0",,
"Idle","0","0","8192","8192","57344","272",,,,,,,,"Process","0",,,,,,"0","0",".","0","",,,,,"272","272","57344","57344","0","0","57344","57344","12288","12288","8192","8192",,,"57344","57344",,"Idle",,"True","0","System.Diagnostics.ProcessStartInfo",,,"System.Diagnostics.ProcessThreadCollection",,,"8192","8192","False",,,,"8192","8192",,
"ielowutil","1","213","2203431215104","3919872","2146304","10968","C:\Program Files\Internet Explorer\IELowutil.exe","Microsoft Corporation","0.046875","11.00.17763.1 (WinBuild.160101.0800)","11.00.17763.1","Internet Low-Mic Utility Tool","Internet Explorer","Process","6",,"False",,"4296","Microsoft.Win32.SafeHandles.SafeProcessHandle","213","5124",".","0","","System.Diagnostics.ProcessModule (IELowutil.exe)","1413120","204800","System.Diagnostics.ProcessModuleCollection","10968","10968","2146304","2146304","152704","152704","2154496","2154496","9371648","9371648","113041408","2203431264256","True","BelowNormal","2146304","2146304","00:00:00.0468750","ielowutil","3","True","1","System.Diagnostics.ProcessStartInfo","10/23/2019 2:31:22 PM",,"System.Diagnostics.ProcessThreadCollection","00:00:00.0468750","00:00:00","112992256","2203431215104","False",,,,"3919872","3919872",,
"lsass","0","1110","2203407929344","5529600","5791744","22808",,,,,,,,"Process","9",,,,,,"1110","640",".","0","",,,,,"22808","22808","5791744","5791744","127152","127152","6176768","6176768","15040512","15040512","92491776","2203410714624",,,"5791744","5791744",,"lsass",,"True","0","System.Diagnostics.ProcessStartInfo",,,"System.Diagnostics.ProcessThreadCollection",,,"89706496","2203407929344","False",,,,"5529600","5529600",,
"ManagementAgentHost","0","190","4445626368","3588096","4485120","15824",,,,,,,,"Process","8",,,,,,"190","3552",".","0","",,,,,"15824","15824","4485120","4485120","150280","150280","28938240","28938240","37019648","37019648","157556736","4452524032",,,"4485120","4485120",,"ManagementAgentHost",,"True","0","System.Diagnostics.ProcessStartInfo",,,"System.Diagnostics.ProcessThreadCollection",,,"150659072","4445626368","False",,,,"3588096","3588096",,
"Memory Compression","0","0","163053568","129540096","397312","0",,,,,,,,"Process","8",,,,,,"0","1272",".","0","",,,,,"0","0","397312","397312","4224","4224","397312","397312","131665920","131665920","169738240","169738240",,,"397312","397312",,"Memory Compression",,"True","0","System.Diagnostics.ProcessStartInfo",,,"System.Diagnostics.ProcessThreadCollection",,,"163053568","163053568","False",,,,"129540096","129540096",,
"msdtc","0","230","2203406872576","1712128","3067904","13760",,,,,,,,"Process","8",,,,,,"230","2212",".","0","",,,,,"13760","13760","3067904","3067904","93736","93736","3952640","3952640","11673600","11673600","90222592","2203408445440",,,"3067904","3067904",,"msdtc",,"True","0","System.Diagnostics.ProcessStartInfo",,,"System.Diagnostics.ProcessThreadCollection",,,"88649728","2203406872576","False",,,,"1712128","1712128",,
"MsMpEng","0","849","2203888054272","48558080","161415168","68504",,,,,,,,"Process","8",,,,,,"849","2236",".","0","",,,,,"68504","68504","161415168","161415168","661040","661040","586080256","586080256","534777856","534777856","968478720","2204286701568",,,"161415168","161415168",,"MsMpEng",,"True","0","System.Diagnostics.ProcessStartInfo",,,"System.Diagnostics.ProcessThreadCollection",,,"569831424","2203888054272","False",,,,"48558080","48558080",,
"NisSrv","0","194","2203428892672","876544","4046848","40912",,,,,,,,"Process","8",,,,,,"194","3320",".","0","",,,,,"40912","40912","4046848","4046848","140584","140584","4390912","4390912","9318400","9318400","112766976","2203430989824",,,"4046848","4046848",,"NisSrv",,"True","0","System.Diagnostics.ProcessStartInfo",,,"System.Diagnostics.ProcessThreadCollection",,,"110669824","2203428892672","False",,,,"876544","876544",,
"powershell_ise","1","1009","5403799552","62672896","122249216","65032","C:\Windows\system32\WindowsPowerShell\v1.0\PowerShell_ISE.exe","Microsoft Corporation","14.28125","10.0.17763.1 (WinBuild.160101.0800)","10.0.17763.1","Windows PowerShell ISE","Microsoft? Windows? Operating System","Process","8",,"False",,"4624","Microsoft.Win32.SafeHandles.SafeProcessHandle","1009","1832",".","197114","Windows PowerShell ISE","System.Diagnostics.ProcessModule (PowerShell_ISE.exe)","1413120","204800","System.Diagnostics.ProcessModuleCollection","65032","65032","122249216","122249216","1003376","1003376","134115328","134115328","169988096","169988096","1225158656","5520125952","True","Normal","122249216","122249216","00:00:04.7812500","powershell_ise","3","True","1","System.Diagnostics.ProcessStartInfo","10/23/2019 2:29:01 PM",,"System.Diagnostics.ProcessThreadCollection","00:00:14.3281250","00:00:09.5468750","1108832256","5403799552","False",,,,"62672896","62672896",,
"Registry","0","0","80904192","6008832","3186688","12512",,,,,,,,"Process","8",,,,,,"0","88",".","0","",,,,,"12512","12512","3186688","3186688","162240","162240","70193152","70193152","135290880","135290880","138477568","138477568",,,"3186688","3186688",,"Registry",,"True","0","System.Diagnostics.ProcessStartInfo",,,"System.Diagnostics.ProcessThreadCollection",,,"80904192","80904192","False",,,,"6008832","6008832",,
"RuntimeBroker","1","226","2203472777216","1925120","3080192","13240","C:\Windows\System32\RuntimeBroker.exe","Microsoft Corporation","0.140625","10.0.17763.1 (WinBuild.160101.0800)","10.0.17763.1","Runtime Broker","Microsoft? Windows? Operating System","Process","8",,"False",,"4216","Microsoft.Win32.SafeHandles.SafeProcessHandle","226","1940",".","0","","System.Diagnostics.ProcessModule (RuntimeBroker.exe)","1413120","204800","System.Diagnostics.ProcessModuleCollection","13240","13240","3080192","3080192","235368","235368","3727360","3727360","18669568","18669568","158838784","2203477061632","True","Normal","3080192","3080192","00:00:00.0937500","RuntimeBroker","3","True","1","System.Diagnostics.ProcessStartInfo","10/23/2019 2:27:29 PM",,"System.Diagnostics.ProcessThreadCollection","00:00:00.1406250","00:00:00.0468750","154554368","2203472777216","False",,,,"1925120","1925120",,
"RuntimeBroker","1","303","2203469725696","1355776","5132288","15632","C:\Windows\System32\RuntimeBroker.exe","Microsoft Corporation","0.734375","10.0.17763.1 (WinBuild.160101.0800)","10.0.17763.1","Runtime Broker","Microsoft? Windows? Operating System","Process","8",,"False",,"4196","Microsoft.Win32.SafeHandles.SafeProcessHandle","303","4512",".","0","","System.Diagnostics.ProcessModule (RuntimeBroker.exe)","1413120","204800","System.Diagnostics.ProcessModuleCollection","15632","15632","5132288","5132288","229592","229592","6242304","6242304","23777280","23777280","164749312","2203482972160","True","Normal","5132288","5132288","00:00:00.3437500","RuntimeBroker","3","True","1","System.Diagnostics.ProcessStartInfo","10/23/2019 2:27:30 PM",,"System.Diagnostics.ProcessThreadCollection","00:00:00.7343750","00:00:00.3906250","151502848","2203469725696","False",,,,"1355776","1355776",,
"RuntimeBroker","1","262","2203463061504","1757184","2830336","13456","C:\Windows\System32\RuntimeBroker.exe","Microsoft Corporation","0.671875","10.0.17763.1 (WinBuild.160101.0800)","10.0.17763.1","Runtime Broker","Microsoft? Windows? Operating System","Process","8",,"False",,"4220","Microsoft.Win32.SafeHandles.SafeProcessHandle","262","5200",".","0","","System.Diagnostics.ProcessModule (RuntimeBroker.exe)","1413120","204800","System.Diagnostics.ProcessModuleCollection","13456","13456","2830336","2830336","215296","215296","3612672","3612672","17317888","17317888","166277120","2203484499968","True","Normal","2830336","2830336","00:00:00.3593750","RuntimeBroker","3","True","1","System.Diagnostics.ProcessStartInfo","10/23/2019 2:27:37 PM",,"System.Diagnostics.ProcessThreadCollection","00:00:00.6718750","00:00:00.3125000","144838656","2203463061504","False",,,,"1757184","1757184",,
"SearchIndexer","0","641","2203492995072","4247552","15892480","32600",,,,,,,,"Process","8",,,,,,"641","5328",".","0","",,,,,"32600","32600","15892480","15892480","219056","219056","15892480","15892480","17694720","17694720","175775744","2203493998592",,,"15892480","15892480",,"SearchIndexer",,"True","0","System.Diagnostics.ProcessStartInfo",,,"System.Diagnostics.ProcessThreadCollection",,,"174772224","2203492995072","False",,,,"4247552","4247552",,
"SearchUI","1","1008","2238496108544","0","48467968","61016","C:\Windows\SystemApps\Microsoft.Windows.Cortana_cw5n1h2txyewy\SearchUI.exe","Microsoft Corporation","3.46875","10.0.17763.1 (WinBuild.160101.0800)","10.0.17763.1","Search and Cortana application","Microsoft? Windows? Operating System","Process","8",,"False",,"4192","Microsoft.Win32.SafeHandles.SafeProcessHandle","1008","5000",".","0","","System.Diagnostics.ProcessModule (SearchUI.exe)","1413120","204800","System.Diagnostics.ProcessModuleCollection","61016","61016","48467968","48467968","811656","811656","58118144","58118144","114077696","114077696","833875968","2238511837184","True","Normal","48467968","48467968","00:00:01.0781250","SearchUI","3","True","1","System.Diagnostics.ProcessStartInfo","10/23/2019 2:27:28 PM",,"System.Diagnostics.ProcessThreadCollection","00:00:03.4687500","00:00:02.3906250","818147328","2238496108544","False",,,,"0","0",,
"SecurityHealthService","0","408","2203450036224","3354624","3842048","17056",,,,,,,,"Process","8",,,,,,"408","3828",".","0","",,,,,"17056","17056","3842048","3842048","203128","203128","3932160","3932160","14573568","14573568","134696960","2203452919808",,,"3842048","3842048",,"SecurityHealthService",,"True","0","System.Diagnostics.ProcessStartInfo",,,"System.Diagnostics.ProcessThreadCollection",,,"131813376","2203450036224","False",,,,"3354624","3354624",,
"SecurityHealthSystray","1","160","2203443007488","1777664","1785856","9648","C:\Windows\System32\SecurityHealthSystray.exe","Microsoft Corporation","0.09375","10.0.17763.1 (WinBuild.160101.0800)","10.0.17763.1","Windows Security notification icon","Microsoft? Windows? Operating System","Process","8",,"False",,"4892","Microsoft.Win32.SafeHandles.SafeProcessHandle","160","5632",".","0","","System.Diagnostics.ProcessModule (SecurityHealthSystray.exe)","1413120","204800","System.Diagnostics.ProcessModuleCollection","9648","9648","1785856","1785856","178528","178528","1875968","1875968","8863744","8863744","126357504","2203444580352","True","Normal","1785856","1785856","00:00:00.0625000","SecurityHealthSystray","3","True","1","System.Diagnostics.ProcessStartInfo","10/23/2019 2:27:41 PM",,"System.Diagnostics.ProcessThreadCollection","00:00:00.0937500","00:00:00.0312500","124784640","2203443007488","False",,,,"1777664","1777664",,
"services","0","367","2203379343360","3383296","3743744","10576",,,,,,,,"Process","9",,,,,,"367","620",".","0","",,,,,"10576","10576","3743744","3743744","143776","143776","4276224","4276224","7749632","7749632","71315456","2203389538304",,,"3743744","3743744",,"services",,"True","0","System.Diagnostics.ProcessStartInfo",,,"System.Diagnostics.ProcessThreadCollection",,,"61120512","2203379343360","False",,,,"3383296","3383296",,
"SgrmBroker","0","85","2203375452160","319488","2400256","6312",,,,,,,,"Process","8",,,,,,"85","3588",".","0","",,,,,"6312","6312","2400256","2400256","33600","33600","3399680","3399680","6496256","6496256","58806272","2203377029120",,,"2400256","2400256",,"SgrmBroker",,"True","0","System.Diagnostics.ProcessStartInfo",,,"System.Diagnostics.ProcessThreadCollection",,,"57229312","2203375452160","False",,,,"319488","319488",,
"ShellExperienceHost","1","703","2203691634688","0","16515072","30096","C:\Windows\SystemApps\ShellExperienceHost_cw5n1h2txyewy\ShellExperienceHost.exe","Microsoft Corporation","1.21875","10.0.17763.1 (WinBuild.160101.0800)","10.0.17763.1","Windows Shell Experience Host","Microsoft? Windows? Operating System","Process","8",,"False",,"4232","Microsoft.Win32.SafeHandles.SafeProcessHandle","703","4868",".","0","","System.Diagnostics.ProcessModule (ShellExperienceHost.exe)","1413120","204800","System.Diagnostics.ProcessModuleCollection","30096","30096","16515072","16515072","559992","559992","16994304","16994304","55672832","55672832","381800448","2203700023296","True","Normal","16515072","16515072","00:00:00.4531250","ShellExperienceHost","3","True","1","System.Diagnostics.ProcessStartInfo","10/23/2019 2:27:27 PM",,"System.Diagnostics.ProcessThreadCollection","00:00:01.2187500","00:00:00.7656250","373411840","2203691634688","False",,,,"0","0",,
"sihost","1","554","2203483537408","10698752","5459968","18472","C:\Windows\system32\sihost.exe","Microsoft Corporation","1","10.0.17763.1 (WinBuild.160101.0800)","10.0.17763.1","Shell Infrastructure Host","Microsoft? Windows? Operating System","Process","8",,"False",,"4180","Microsoft.Win32.SafeHandles.SafeProcessHandle","554","3900",".","0","","System.Diagnostics.ProcessModule (sihost.exe)","1413120","204800","System.Diagnostics.ProcessModuleCollection","18472","18472","5459968","5459968","251944","251944","5582848","5582848","24838144","24838144","171974656","2203490197504","True","Normal","5459968","5459968","00:00:00.5312500","sihost","3","True","1","System.Diagnostics.ProcessStartInfo","10/23/2019 2:27:23 PM",,"System.Diagnostics.ProcessThreadCollection","00:00:01","00:00:00.4687500","165314560","2203483537408","False",,,,"10698752","10698752",,
"smartscreen","1","414","2238100684800","741376","8290304","22912","C:\Windows\System32\smartscreen.exe","Microsoft Corporation","0.234375","10.0.17763.1 (WinBuild.160101.0800)","10.0.17763.1","Windows Defender SmartScreen","Microsoft? Windows? Operating System","Process","8",,"False",,"4164","Microsoft.Win32.SafeHandles.SafeProcessHandle","414","5584",".","0","","System.Diagnostics.ProcessModule (smartscreen.exe)","1413120","204800","System.Diagnostics.ProcessModuleCollection","22912","22912","8290304","8290304","234416","234416","9408512","9408512","23851008","23851008","440811520","2238118772736","True","Normal","8290304","8290304","00:00:00.1562500","smartscreen","3","True","1","System.Diagnostics.ProcessStartInfo","10/23/2019 2:27:40 PM",,"System.Diagnostics.ProcessThreadCollection","00:00:00.2343750","00:00:00.0781250","422723584","2238100684800","False",,,,"741376","741376",,
"smss","0","53","2203359641600","0","512000","3224",,,,,,,,"Process","11",,,,,,"53","280",".","0","",,,,,"3224","3224","512000","512000","13040","13040","581632","581632","1286144","1286144","63889408","2203382112256",,,"512000","512000",,"smss",,"True","0","System.Diagnostics.ProcessStartInfo",,,"System.Diagnostics.ProcessThreadCollection",,,"41418752","2203359641600","False",,,,"0","0",,
"spoolsv","0","515","2203457069056","1224704","6406144","27848",,,,,,,,"Process","8",,,,,,"515","1800",".","0","",,,,,"27848","27848","6406144","6406144","216144","216144","6959104","6959104","18857984","18857984","141467648","2203459690496",,,"6406144","6406144",,"spoolsv",,"True","0","System.Diagnostics.ProcessStartInfo",,,"System.Diagnostics.ProcessThreadCollection",,,"138846208","2203457069056","False",,,,"1224704","1224704",,
"svchost","0","2187","2203685187584","32927744","37400576","92192",,,,,,,,"Process","8",,,,,,"2187","324",".","0","",,,,,"92192","92192","37400576","37400576","588992","588992","40345600","40345600","87318528","87318528","439513088","2203757735936",,,"37400576","37400576",,"svchost",,"True","0","System.Diagnostics.ProcessStartInfo",,,"System.Diagnostics.ProcessThreadCollection",,,"366964736","2203685187584","False",,,,"32927744","32927744",,
"svchost","0","463","2203544821760","2306048","6758400","20000",,,,,,,,"Process","8",,,,,,"463","372",".","0","",,,,,"20000","20000","6758400","6758400","183480","183480","62791680","62791680","49889280","49889280","290750464","2203608973312",,,"6758400","6758400",,"svchost",,"True","0","System.Diagnostics.ProcessStartInfo",,,"System.Diagnostics.ProcessThreadCollection",,,"226598912","2203544821760","False",,,,"2306048","2306048",,
"svchost","0","664","2203459788800","5513216","18825216","22776",,,,,,,,"Process","8",,,,,,"664","496",".","0","",,,,,"22776","22776","18825216","18825216","155640","155640","19042304","19042304","28741632","28741632","149798912","2203468021760",,,"18825216","18825216",,"svchost",,"True","0","System.Diagnostics.ProcessStartInfo",,,"System.Diagnostics.ProcessThreadCollection",,,"141565952","2203459788800","False",,,,"5513216","5513216",,
"svchost","0","594","2207776866304","2060288","6664192","23680",,,,,,,,"Process","8",,,,,,"594","648",".","0","",,,,,"23680","23680","6664192","6664192","212272","212272","11472896","11472896","21184512","21184512","167170048","2207780360192",,,"6664192","6664192",,"svchost",,"True","0","System.Diagnostics.ProcessStartInfo",,,"System.Diagnostics.ProcessThreadCollection",,,"163676160","2207776866304","False",,,,"2060288","2060288",,
"svchost","0","816","2203451330560","7286784","6930432","22960",,,,,,,,"Process","8",,,,,,"816","740",".","0","",,,,,"22960","22960","6930432","6930432","412120","412120","7192576","7192576","24645632","24645632","139763712","2203457986560",,,"6930432","6930432",,"svchost",,"True","0","System.Diagnostics.ProcessStartInfo",,,"System.Diagnostics.ProcessThreadCollection",,,"133107712","2203451330560","False",,,,"7286784","7286784",,
"svchost","0","837","2203400994816","6062080","4890624","16744",,,,,,,,"Process","8",,,,,,"837","864",".","0","",,,,,"16744","16744","4890624","4890624","105712","105712","4947968","4947968","11685888","11685888","91254784","2203409477632",,,"4890624","4890624",,"svchost",,"True","0","System.Diagnostics.ProcessStartInfo",,,"System.Diagnostics.ProcessThreadCollection",,,"82771968","2203400994816","False",,,,"6062080","6062080",,
"svchost","0","979","2203495526400","4567040","10223616","40320",,,,,,,,"Process","8",,,,,,"979","1112",".","0","",,,,,"40320","40320","10223616","10223616","277712","277712","11030528","11030528","25612288","25612288","366813184","2203685036032",,,"10223616","10223616",,"svchost",,"True","0","System.Diagnostics.ProcessStartInfo",,,"System.Diagnostics.ProcessThreadCollection",,,"177303552","2203495526400","False",,,,"4567040","4567040",,
"svchost","0","349","2203406819328","1314816","3469312","21856",,,,,,,,"Process","8",,,,,,"349","1360",".","0","",,,,,"21856","21856","3469312","3469312","102160","102160","4628480","4628480","11489280","11489280","100655104","2203418877952",,,"3469312","3469312",,"svchost",,"True","0","System.Diagnostics.ProcessStartInfo",,,"System.Diagnostics.ProcessThreadCollection",,,"88596480","2203406819328","False",,,,"1314816","1314816",,
"svchost","0","635","2203475894272","4718592","7241728","37448",,,,,,,,"Process","8",,,,,,"635","1368",".","0","",,,,,"37448","37448","7241728","7241728","159984","159984","7839744","7839744","18640896","18640896","164880384","2203483103232",,,"7241728","7241728",,"svchost",,"True","0","System.Diagnostics.ProcessStartInfo",,,"System.Diagnostics.ProcessThreadCollection",,,"157671424","2203475894272","False",,,,"4718592","4718592",,
"svchost","0","193","2203400204288","1064960","2125824","10592",,,,,,,,"Process","8",,,,,,"193","1448",".","0","",,,,,"10592","10592","2125824","2125824","78944","78944","2371584","2371584","8347648","8347648","83410944","2203401633792",,,"2125824","2125824",,"svchost",,"True","0","System.Diagnostics.ProcessStartInfo",,,"System.Diagnostics.ProcessThreadCollection",,,"81981440","2203400204288","False",,,,"1064960","1064960",,
"svchost","0","308","2203400519680","36864","2256896","11376",,,,,,,,"Process","8",,,,,,"308","1576",".","0","",,,,,"11376","11376","2256896","2256896","99256","99256","2908160","2908160","8941568","8941568","88588288","2203406811136",,,"2256896","2256896",,"svchost",,"True","0","System.Diagnostics.ProcessStartInfo",,,"System.Diagnostics.ProcessThreadCollection",,,"82296832","2203400519680","False",,,,"36864","36864",,
"svchost","0","130","2203389132800","864256","1671168","8680",,,,,,,,"Process","8",,,,,,"130","1608",".","0","",,,,,"8680","8680","1671168","1671168","65736","65736","1863680","1863680","6483968","6483968","72482816","2203390705664",,,"1671168","1671168",,"svchost",,"True","0","System.Diagnostics.ProcessStartInfo",,,"System.Diagnostics.ProcessThreadCollection",,,"70909952","2203389132800","False",,,,"864256","864256",,
"svchost","0","352","2203449991168","3063808","4214784","19096",,,,,,,,"Process","8",,,,,,"352","1676",".","0","",,,,,"19096","19096","4214784","4214784","152432","152432","13934592","13934592","23420928","23420928","141213696","2203459436544",,,"4214784","4214784",,"svchost",,"True","0","System.Diagnostics.ProcessStartInfo",,,"System.Diagnostics.ProcessThreadCollection",,,"131768320","2203449991168","False",,,,"3063808","3063808",,
"svchost","0","418","2203427631104","1572864","10301440","33528",,,,,,,,"Process","8",,,,,,"418","1696",".","0","",,,,,"33528","33528","10301440","10301440","118224","118224","12079104","12079104","21532672","21532672","116826112","2203435048960",,,"10301440","10301440",,"svchost",,"True","0","System.Diagnostics.ProcessStartInfo",,,"System.Diagnostics.ProcessThreadCollection",,,"109408256","2203427631104","False",,,,"1572864","1572864",,
"svchost","0","575","2203461574656","8056832","9236480","22296",,,,,,,,"Process","8",,,,,,"575","2096",".","0","",,,,,"22296","22296","9236480","9236480","180176","180176","9875456","9875456","23093248","23093248","145973248","2203464196096",,,"9236480","9236480",,"svchost",,"True","0","System.Diagnostics.ProcessStartInfo",,,"System.Diagnostics.ProcessThreadCollection",,,"143351808","2203461574656","False",,,,"8056832","8056832",,
"svchost","0","380","2203417206784","819200","3428352","23752",,,,,,,,"Process","8",,,,,,"380","2356",".","0","",,,,,"23752","23752","3428352","3428352","120976","120976","3862528","3862528","12636160","12636160","105824256","2203424047104",,,"3428352","3428352",,"svchost",,"True","0","System.Diagnostics.ProcessStartInfo",,,"System.Diagnostics.ProcessThreadCollection",,,"98983936","2203417206784","False",,,,"819200","819200",,
"svchost","1","514","2203495456768","8728576","7368704","23616","C:\Windows\system32\svchost.exe","Microsoft Corporation","0.65625","10.0.17763.1 (WinBuild.160101.0800)","10.0.17763.1","Host Process for Windows Services","Microsoft? Windows? Operating System","Process","8",,"False",,"4056","Microsoft.Win32.SafeHandles.SafeProcessHandle","514","2972",".","0","","System.Diagnostics.ProcessModule (svchost.exe)","1413120","204800","System.Diagnostics.ProcessModuleCollection","23616","23616","7368704","7368704","284736","284736","7630848","7630848","29667328","29667328","181956608","2203500179456","True","Normal","7368704","7368704","00:00:00.3281250","svchost","3","True","1","System.Diagnostics.ProcessStartInfo","10/23/2019 2:27:23 PM",,"System.Diagnostics.ProcessThreadCollection","00:00:00.6562500","00:00:00.3281250","177233920","2203495456768","False",,,,"8728576","8728576",,
"svchost","0","217","2203427495936","2703360","5488640","11960",,,,,,,,"Process","8",,,,,,"217","3220",".","0","",,,,,"11960","11960","5488640","5488640","95440","95440","7507968","7507968","14221312","14221312","110882816","2203429105664",,,"5488640","5488640",,"svchost",,"True","0","System.Diagnostics.ProcessStartInfo",,,"System.Diagnostics.ProcessThreadCollection",,,"109273088","2203427495936","False",,,,"2703360","2703360",,
"svchost","0","217","2203401928704","1536000","2482176","12184",,,,,,,,"Process","8",,,,,,"217","3340",".","0","",,,,,"12184","12184","2482176","2482176","81856","81856","2781184","2781184","9609216","9609216","87207936","2203405430784",,,"2482176","2482176",,"svchost",,"True","0","System.Diagnostics.ProcessStartInfo",,,"System.Diagnostics.ProcessThreadCollection",,,"83705856","2203401928704","False",,,,"1536000","1536000",,
"svchost","0","182","2203408670720","7458816","2392064","11552",,,,,,,,"Process","8",,,,,,"182","4044",".","0","",,,,,"11552","11552","2392064","2392064","98184","98184","2494464","2494464","9936896","9936896","92581888","2203410804736",,,"2392064","2392064",,"svchost",,"True","0","System.Diagnostics.ProcessStartInfo",,,"System.Diagnostics.ProcessThreadCollection",,,"90447872","2203408670720","False",,,,"7458816","7458816",,
"svchost","0","224","2203417886720","8105984","5611520","13096",,,,,,,,"Process","8",,,,,,"224","4076",".","0","",,,,,"13096","13096","5611520","5611520","110920","110920","5664768","5664768","12369920","12369920","100720640","2203418943488",,,"5611520","5611520",,"svchost",,"True","0","System.Diagnostics.ProcessStartInfo",,,"System.Diagnostics.ProcessThreadCollection",,,"99663872","2203417886720","False",,,,"8105984","8105984",,
"svchost","1","269","2203467964416","7114752","3047424","13456","C:\Windows\system32\svchost.exe","Microsoft Corporation","0.15625","10.0.17763.1 (WinBuild.160101.0800)","10.0.17763.1","Host Process for Windows Services","Microsoft? Windows? Operating System","Process","8",,"False",,"1736","Microsoft.Win32.SafeHandles.SafeProcessHandle","269","4556",".","0","","System.Diagnostics.ProcessModule (svchost.exe)","1413120","204800","System.Diagnostics.ProcessModuleCollection","13456","13456","3047424","3047424","207176","207176","3047424","3047424","15654912","15654912","149741568","2203467964416","True","Normal","3047424","3047424","00:00:00.0781250","svchost","3","True","1","System.Diagnostics.ProcessStartInfo","10/23/2019 2:27:26 PM",,"System.Diagnostics.ProcessThreadCollection","00:00:00.1562500","00:00:00.0781250","149741568","2203467964416","False",,,,"7114752","7114752",,
"System","0","2079","3919872","0","196608","272",,,,,,,,"Process","8",,,,,,"2079","4",".","0","",,,,,"272","272","196608","196608","0","0","212992","212992","684032","684032","13598720","13598720",,,"196608","196608",,"System",,"True","0","System.Diagnostics.ProcessStartInfo",,,"System.Diagnostics.ProcessThreadCollection",,,"3919872","3919872","False",,,,"0","0",,
"taskhostw","1","272","2203460792320","3977216","4562944","25656","C:\Windows\system32\taskhostw.exe","Microsoft Corporation","0.21875","10.0.17763.1 (WinBuild.160101.0800)","10.0.17763.1","Host Process for Windows Tasks","Microsoft? Windows? Operating System","Process","8",,"False",,"4352","Microsoft.Win32.SafeHandles.SafeProcessHandle","272","1500",".","0","","System.Diagnostics.ProcessModule (taskhostw.exe)","1413120","204800","System.Diagnostics.ProcessModuleCollection","25656","25656","4562944","4562944","182176","182176","4730880","4730880","12894208","12894208","143450112","2203461672960","True","Normal","4562944","4562944","00:00:00.1562500","taskhostw","3","True","1","System.Diagnostics.ProcessStartInfo","10/23/2019 2:27:23 PM",,"System.Diagnostics.ProcessThreadCollection","00:00:00.2187500","00:00:00.0625000","142569472","2203460792320","False",,,,"3977216","3977216",,
"VGAuthService","0","176","4416208896","0","5222400","12832",,,,,,,,"Process","8",,,,,,"176","2172",".","0","",,,,,"12832","12832","5222400","5222400","162808","162808","5586944","5586944","13750272","13750272","124387328","4419354624",,,"5222400","5222400",,"VGAuthService",,"True","0","System.Diagnostics.ProcessStartInfo",,,"System.Diagnostics.ProcessThreadCollection",,,"121241600","4416208896","False",,,,"0","0",,
"vmtoolsd","0","399","4441894912","5287936","9383936","25168",,,,,,,,"Process","13",,,,,,"399","2192",".","0","",,,,,"25168","25168","9383936","9383936","207312","207312","9465856","9465856","22069248","22069248","159318016","4454285312",,,"9383936","9383936",,"vmtoolsd",,"True","0","System.Diagnostics.ProcessStartInfo",,,"System.Diagnostics.ProcessThreadCollection",,,"146927616","4441894912","False",,,,"5287936","5287936",,
"vmtoolsd","1","525","4533407744","2514944","18059264","33536","C:\Program Files\VMware\VMware Tools\vmtoolsd.exe","VMware, Inc.","3.265625","10.2.0.1608","10.2.0 build-7253323","VMware Tools Core Service","VMware Tools","Process","8",,"False",,"4464","Microsoft.Win32.SafeHandles.SafeProcessHandle","525","5740",".","0","","System.Diagnostics.ProcessModule (vmtoolsd.exe)","1413120","204800","System.Diagnostics.ProcessModuleCollection","33536","33536","18059264","18059264","351816","351816","19906560","19906560","35373056","35373056","243683328","4538650624","True","Normal","18059264","18059264","00:00:01.2031250","vmtoolsd","3","True","1","System.Diagnostics.ProcessStartInfo","10/23/2019 2:27:41 PM",,"System.Diagnostics.ProcessThreadCollection","00:00:03.2656250","00:00:02.0625000","238440448","4533407744","False",,,,"2514944","2514944",,
"WindowsInternal.ComposableShell.Experiences.TextInput.InputApp","1","836","2203652272128","0","14766080","30592","C:\Windows\SystemApps\InputApp_cw5n1h2txyewy\WindowsInternal.ComposableShell.Experiences.TextInput.InputApp.exe","Microsoft Corporation","0.5","10.0.17763.1 (WinBuild.160101.0800)","10.0.17763.1","WindowsInternal.ComposableShell.Experiences.TextInput.InputApp.exe","Microsoft? Windows? Operating System","Process","8",,"False",,"4904","Microsoft.Win32.SafeHandles.SafeProcessHandle","836","5536",".","0","","System.Diagnostics.ProcessModule (WindowsInternal.ComposableShell.Experiences.TextInput.InputApp.exe)","1413120","204800","System.Diagnostics.ProcessModuleCollection","30592","30592","14766080","14766080","579992","579992","14946304","14946304","44167168","44167168","337195008","2203655417856","True","Normal","14766080","14766080","00:00:00.3281250","WindowsInternal.ComposableShell.Experiences.TextInput.InputApp","3","True","1","System.Diagnostics.ProcessStartInfo","10/23/2019 2:31:19 PM",,"System.Diagnostics.ProcessThreadCollection","00:00:00.5000000","00:00:00.1718750","334049280","2203652272128","False",,,,"0","0",,
"wininit","0","168","2203387260928","0","1441792","10832",,,,,,,,"Process","13",,,,,,"168","484",".","0","",,,,,"10832","10832","1441792","1441792","76520","76520","1994752","1994752","7159808","7159808","81956864","2203400179712",,,"1441792","1441792",,"wininit",,"True","0","System.Diagnostics.ProcessStartInfo",,,"System.Diagnostics.ProcessThreadCollection",,,"69038080","2203387260928","False",,,,"0","0",,
"winlogon","1","271","2203420532736","0","2723840","12056",,,,,,,,"Process","13",,,,,,"271","552",".","0","",,,,,"12056","12056","2723840","2723840","144568","144568","3665920","3665920","14884864","14884864","107814912","2203426037760",,,"2723840","2723840",,"winlogon",,"True","1","System.Diagnostics.ProcessStartInfo",,,"System.Diagnostics.ProcessThreadCollection",,,"102309888","2203420532736","False",,,,"0","0",,
"WmiApSrv","0","184","2203398885376","532480","2174976","11944",,,,,,,,"Process","8",,,,,,"184","5316",".","0","",,,,,"11944","11944","2174976","2174976","85304","85304","2265088","2265088","9297920","9297920","82247680","2203400470528",,,"2174976","2174976",,"WmiApSrv",,"True","0","System.Diagnostics.ProcessStartInfo",,,"System.Diagnostics.ProcessThreadCollection",,,"80662528","2203398885376","False",,,,"532480","532480",,
"WmiPrvSE","0","273","2203410944000","10125312","6905856","17040",,,,,,,,"Process","8",,,,,,"273","2560",".","0","",,,,,"17040","17040","6905856","6905856","114784","114784","7077888","7077888","14344192","14344192","93769728","2203411992576",,,"6905856","6905856",,"WmiPrvSE",,"True","0","System.Diagnostics.ProcessStartInfo",,,"System.Diagnostics.ProcessThreadCollection",,,"92721152","2203410944000","False",,,,"10125312","10125312",,
"WmiPrvSE","0","492","2203494027264","5251072","27213824","22896",,,,,,,,"Process","8",,,,,,"492","4676",".","0","",,,,,"22896","22896","27213824","27213824","207560","207560","27713536","27713536","36466688","36466688","184446976","2203502669824",,,"27213824","27213824",,"WmiPrvSE",,"True","0","System.Diagnostics.ProcessStartInfo",,,"System.Diagnostics.ProcessThreadCollection",,,"175804416","2203494027264","False",,,,"5251072","5251072",,
